PassengerId,Transported
3758_02,True
2291_02,False
7052_01,True
8976_01,False
8456_01,True
5837_01,False
7594_01,True
5679_01,True
6635_01,True
3483_01,True
4945_01,True
4386_02,True
8721_01,True
3932_01,True
4927_03,False
6854_01,False
5814_02,True
8798_01,False
5375_01,True
5817_01,True
6724_01,True
6422_03,False
3550_01,True
6905_02,False
2871_01,True
7567_01,True
0179_02,False
0975_01,True
6103_01,True
5561_03,False
1307_01,True
6148_02,True
6414_01,False
4604_01,False
0580_01,True
8637_02,True
0336_01,False
4214_01,False
4793_02,True
8796_08,True
3287_02,False
0407_02,False
2257_02,True
0425_03,True
0921_01,True
3984_01,True
3742_02,True
0984_01,False
2822_01,True
5953_01,False
3080_01,False
8168_05,False
5097_03,True
7370_01,False
6201_01,False
4564_01,False
2235_01,False
1426_01,True
5583_01,True
0642_02,True
4490_01,True
3629_01,True
0138_02,False
8082_01,True
3996_01,True
3499_04,False
0816_01,False
0555_02,False
4213_01,False
0454_01,True
9120_01,False
8860_01,True
5998_01,False
3488_01,True
5671_01,True
3060_01,False
1558_01,False
2944_03,True
8988_03,True
0910_01,True
3765_01,True
6402_02,True
3445_01,True
1223_01,True
2043_01,True
7177_01,False
8232_01,False
8942_01,True
4390_02,True
2462_01,True
4450_01,True
6671_03,False
6585_02,True
5265_01,False
2902_01,True
3009_01,True
0639_01,True
1431_01,False
0041_01,True
1977_01,True
8354_02,True
7986_01,False
2215_03,True
3653_01,False
1356_01,False
3785_01,True
7128_01,False
6468_04,False
4887_01,False
1952_01,False
1630_02,True
2605_01,True
4883_01,True
0903_01,True
5003_01,True
3753_01,True
1727_01,True
7945_01,True
7069_03,False
6470_01,False
8573_02,True
8504_02,True
4026_01,True
1903_01,True
1555_01,False
1273_01,False
2807_02,True
1027_03,False
6585_01,True
4014_02,False
6323_01,False
2348_01,False
7290_02,True
0984_03,False
5185_01,False
1328_01,True
1146_01,False
2940_01,True
4893_01,True
6971_06,False
6219_01,False
6136_01,False
5981_03,False
6320_01,False
1041_01,True
6971_03,True
5111_01,False
1498_01,False
0082_03,False
1156_01,False
1401_01,False
7011_01,False
3384_01,False
4615_01,True
2720_01,False
1596_01,True
1455_05,False
1062_01,True
8861_01,True
5009_01,True
0859_01,True
6452_01,True
4038_01,True
2723_02,True
2725_01,False
6567_01,True
4516_01,False
3645_03,True
0454_02,True
9021_02,False
3237_02,False
2762_01,False
2549_01,False
0257_01,False
1959_01,True
4243_01,False
5198_01,False
6606_01,True
1926_01,True
2171_01,False
6611_02,True
8919_01,False
2252_01,False
7776_01,False
0470_01,True
8471_01,False
6973_01,False
8014_01,True
7393_01,False
6925_01,True
1599_01,True
8596_02,True
0417_03,True
0136_01,False
0964_02,True
6593_02,True
7336_02,True
5161_01,True
0301_01,True
6899_02,True
8462_01,True
1413_01,True
3110_01,False
2558_04,True
2807_01,False
1568_01,False
5068_01,False
4441_01,True
0391_01,True
4001_03,True
3952_01,False
3076_01,True
0151_01,True
0322_01,True
5137_01,False
4998_01,True
5963_01,False
3640_01,False
0378_05,True
4942_02,True
0788_01,False
6031_01,False
0507_01,False
7361_01,True
3775_01,True
5814_04,False
4222_02,False
8605_05,True
5813_01,True
6940_01,False
7703_01,False
4596_01,True
9193_01,False
1624_01,True
7041_01,True
5992_01,True
8796_01,False
7292_01,False
5693_01,True
4534_01,True
8301_01,True
6222_01,False
6302_03,False
2928_03,True
2128_01,False
7186_02,False
6192_01,True
5606_02,False
8005_03,False
6611_03,True
0358_01,True
1999_01,False
1308_03,False
3225_01,True
4595_01,True
8178_01,True
9076_01,False
5524_01,True
4665_01,True
6323_02,True
6302_01,False
8659_01,True
3439_03,True
0254_01,False
6745_01,False
5303_02,False
6634_02,True
7596_01,True
3054_01,False
2760_03,True
0428_01,False
3437_01,False
5858_01,False
2970_01,False
3279_03,True
5756_06,True
0726_01,True
4068_01,False
4470_01,False
3875_01,False
1390_01,True
5487_01,True
5686_02,False
2519_01,True
3519_01,True
1353_04,False
6302_04,True
4691_01,False
3279_02,True
5144_01,True
4440_01,False
0770_04,True
6030_06,True
7782_02,False
8307_01,True
2353_02,False
7113_01,False
1997_01,True
3455_01,True
4413_01,False
4652_01,True
1326_01,False
2645_01,False
8105_01,False
1772_01,False
8307_02,True
0260_01,False
3592_01,False
2531_01,True
2797_01,False
6902_01,True
4396_01,False
5416_04,False
7215_01,True
5044_02,True
2589_04,False
1325_03,True
3274_03,False
8675_01,True
8121_01,True
2772_01,False
8244_01,False
8216_01,True
4001_04,True
1709_04,False
2968_01,True
5194_01,True
8650_01,True
6898_01,True
1141_01,True
0321_01,False
1685_01,False
5090_05,False
1865_01,True
6034_02,True
4546_01,False
8509_01,True
3895_02,False
8129_03,False
5496_01,True
2202_01,False
5304_02,True
2778_01,False
6588_02,True
3282_03,True
8451_01,False
2234_06,True
2789_01,True
7340_01,False
1300_01,False
2410_01,True
2056_04,True
3392_01,True
4882_01,False
9081_07,True
6868_01,False
0863_03,True
0220_05,False
9098_01,True
3439_01,True
2384_07,True
6910_01,False
9275_03,True
2059_01,False
3868_03,False
3363_03,True
6667_01,True
4889_01,False
4096_01,False
2790_05,True
2676_01,False
0475_01,False
1168_01,False
6106_01,True
5575_01,False
5196_01,True
1450_01,True
3032_02,True
9136_01,False
0163_02,True
8757_01,True
7545_01,True
4316_01,False
2857_01,False
1177_01,True
6238_01,True
4856_01,False
0110_03,True
3255_01,True
7249_01,False
2867_02,False
1797_01,True
8098_01,False
5719_02,True
8027_02,True
3739_01,False
4151_01,True
8791_01,True
9125_02,True
4511_01,True
8306_02,True
2205_01,False
3337_03,False
7936_01,True
5197_01,True
6328_02,True
7313_01,False
4045_01,False
3897_01,True
0030_01,False
7946_01,True
5919_01,True
5109_01,False
5089_02,True
8433_01,False
3742_01,True
3945_01,True
5090_03,False
8380_01,True
4142_01,True
6453_01,False
8213_01,False
8559_01,False
8072_01,True
9275_01,True
1216_01,True
8474_01,False
0334_01,False
8948_01,False
6560_01,False
0587_01,False
1261_01,False
4006_05,True
4923_03,False
1710_01,True
8574_02,False
3284_01,True
7104_01,False
8173_01,True
6512_03,False
3622_01,True
8083_01,False
4482_04,True
5751_01,False
0275_01,True
0217_01,False
7461_01,True
7385_01,False
6647_01,True
8007_01,False
1634_01,True
1655_01,False
1444_01,False
6481_01,True
2092_05,False
0817_01,True
0396_01,True
4191_01,False
5655_01,False
0466_01,True
6901_01,True
3417_01,True
6176_01,True
0011_01,True
1455_03,True
8541_02,False
5353_01,True
8987_01,True
2366_01,True
0192_01,True
0453_02,True
6372_03,True
4498_07,False
3610_01,True
1644_01,False
7078_01,False
3456_01,True
6816_04,False
4349_01,False
7419_01,True
8339_01,False
0612_01,True
5036_01,True
7508_01,False
5281_01,False
7972_01,True
6432_01,False
0471_01,False
8783_01,False
3576_01,False
8491_01,True
6931_01,True
7993_02,True
3100_02,False
1360_01,True
7505_02,True
0912_01,True
4001_05,True
4875_01,False
1211_06,True
8217_01,False
4145_01,False
8956_02,True
4637_01,False
5546_01,False
8883_01,False
2299_01,False
8770_04,False
5876_01,False
2452_01,False
3609_03,True
0074_01,True
7656_01,True
2052_01,False
0020_01,True
3706_01,False
7885_01,True
7872_02,False
0923_01,True
6156_01,False
5809_02,True
0086_01,False
9227_04,True
0718_01,False
8492_01,False
3639_01,True
8789_01,True
3923_01,False
6042_01,False
9084_01,False
0865_01,True
3933_01,True
5874_01,True
8966_01,False
1254_02,False
1902_01,False
1006_01,False
4186_01,True
0680_01,True
2026_03,False
0658_01,False
4933_04,True
3361_03,True
9012_01,False
6139_01,True
5171_01,False
1846_01,False
0278_01,False
9024_01,True
2264_01,False
8886_01,True
6547_01,False
0789_02,False
4970_01,False
0879_01,False
8978_01,False
6127_01,False
3966_03,False
6024_01,True
3773_02,True
7053_01,False
7914_03,False
4738_01,False
7780_01,True
4258_01,False
4319_01,False
8693_01,True
6578_01,True
8937_01,True
4017_02,True
0196_01,False
6995_01,True
5142_01,False
4450_04,False
7437_01,True
3298_01,True
6594_01,True
3128_01,False
3710_01,False
1256_01,False
6413_01,False
7464_01,True
4632_03,False
0849_01,True
8354_01,True
2678_01,True
8043_03,False
0193_02,False
7371_01,True
6665_02,True
8153_01,True
1048_01,True
1155_02,True
7936_03,False
7988_01,True
2595_02,False
5052_02,True
7644_01,True
5499_01,True
4679_01,False
2026_01,True
0661_01,False
2013_01,False
9139_01,False
8512_01,True
5115_02,True
3913_01,False
2006_03,True
4591_01,True
2935_01,False
7117_01,True
0476_01,False
3387_01,True
6896_01,False
7170_01,True
7652_01,True
1770_01,True
8482_01,True
4197_02,False
8637_01,True
5205_02,False
8366_01,False
2560_01,True
6753_01,True
1565_01,False
3531_01,False
4005_05,True
6086_01,True
7137_01,False
4397_01,True
1455_04,True
8796_06,True
4782_05,False
4098_01,True
6991_01,False
7599_01,False
1027_01,False
8383_06,True
7367_01,False
2818_01,False
8862_02,False
0556_01,True
6727_01,False
5175_01,False
6858_04,True
7192_01,True
7090_01,True
4896_01,True
4870_01,False
6117_01,False
8964_03,True
0572_01,False
4345_01,False
0056_02,True
3470_01,True
3138_01,False
8824_01,False
1899_01,True
8752_01,False
7175_01,True
5050_01,False
3525_01,True
4987_01,False
1304_06,True
2411_01,True
7483_01,False
3645_01,True
4847_01,True
5126_01,True
6394_01,True
4215_01,False
4695_02,False
7697_01,True
1063_01,False
7184_01,True
2191_01,True
4372_01,True
7944_02,True
4042_01,True
4267_01,True
8431_02,True
3410_01,True
2679_01,True
2129_01,False
4400_01,False
8874_01,True
5793_01,True
8834_01,False
6565_02,False
5128_02,True
1823_01,False
8458_03,True
6747_01,True
0387_01,True
8986_01,False
1330_01,False
8085_01,False
7803_02,True
5127_01,False
6903_01,False
3862_03,True
7304_01,True
5790_01,False
4093_01,False
3607_01,True
7809_01,True
0221_01,False
4487_01,False
2546_01,False
1829_02,True
7361_02,True
2995_01,True
0876_01,True
9049_01,True
0098_01,True
7242_01,True
8150_01,True
1282_01,True
8374_01,True
3772_02,True
8437_01,False
3162_01,False
5908_01,True
0579_02,False
2824_01,True
5860_01,False
4260_01,True
1294_01,True
7353_02,True
8789_02,False
0663_01,False
2799_01,False
4182_01,False
5006_01,True
1967_01,True
6656_01,True
8939_01,True
7778_01,False
3033_01,False
5842_02,True
4509_03,True
6734_02,True
6265_01,False
5239_01,True
2356_02,True
1165_01,True
1816_02,True
1281_01,True
0503_03,False
8796_07,True
7453_01,True
9219_01,True
2882_01,True
4788_01,False
4631_01,True
9059_01,False
3973_01,True
8871_02,True
9158_01,True
2919_02,False
4880_01,False
6034_03,False
7929_01,False
4091_01,True
3550_02,True
7165_01,True
3850_04,True
3744_01,True
2038_01,True
0498_02,True
1279_01,True
5246_01,True
0703_01,True
5886_01,False
7574_01,True
2088_02,False
3608_03,True
8487_01,False
4158_01,False
0099_02,False
3473_01,False
0683_01,False
1976_03,True
3131_03,True
2959_01,False
9130_01,True
1636_01,False
1213_01,True
3681_02,False
1503_02,False
7650_03,True
6865_01,False
6746_01,True
8314_01,False
5921_01,True
3562_02,False
8892_01,False
5459_01,False
2642_01,False
4453_01,True
5640_01,True
3911_03,True
8098_04,True
1284_01,True
2601_01,True
5527_02,True
8043_04,True
0382_01,False
1144_02,False
7268_01,False
0088_01,True
5806_01,False
7156_03,True
6099_01,True
0985_01,False
2552_01,True
3262_01,True
0240_01,True
6833_01,False
6707_01,True
6779_01,True
6135_01,False
8129_01,True
2223_01,False
1325_02,False
8644_01,False
5767_01,True
4356_01,True
1727_02,False
0050_01,False
3950_01,True
4182_02,False
6121_01,True
6402_03,True
2954_01,False
1022_01,False
7922_01,False
3180_01,False
4065_01,False
5737_01,True
4832_01,False
6645_01,True
8401_01,True
1524_01,True
5742_01,False
0285_02,True
4064_01,False
1479_01,True
5162_01,True
8997_01,True
4899_02,True
6322_01,True
3319_01,True
8463_01,True
9079_01,False
1386_01,True
5273_01,True
3162_03,True
1729_01,False
8700_01,False
6827_03,True
2660_01,False
3440_01,False
4197_01,True
4686_01,True
4846_02,True
7253_01,False
7565_01,True
6047_01,False
7498_03,True
6947_02,False
4152_01,False
5514_04,False
9034_04,False
2055_03,True
9069_03,True
2741_01,False
6243_01,True
1561_01,False
3777_01,True
1212_01,False
6520_01,False
9227_01,True
0545_01,False
3959_01,False
7646_03,True
6721_01,False
1666_01,False
7039_01,False
1054_01,False
7824_01,False
5802_01,False
8112_01,False
4176_04,False
3711_03,True
2720_03,True
3492_01,False
2347_07,False
6363_06,True
3299_01,False
1931_01,True
5608_01,True
0164_01,False
3939_01,False
4946_01,True
0594_02,False
2509_01,True
8605_02,True
8458_06,True
1953_01,False
0941_01,False
8147_03,False
6450_02,True
1033_01,True
3862_02,False
1717_01,False
3161_01,False
2385_01,False
7331_01,False
1027_04,False
5523_01,False
2318_01,True
2491_01,False
4225_01,True
8119_02,True
4271_01,True
0251_01,True
8500_01,True
5406_01,False
2901_02,False
2391_01,False
2298_01,False
4661_07,False
1148_04,True
3789_01,True
6271_01,True
1190_01,False
3519_02,True
0200_01,True
8057_01,True
5467_01,False
6396_01,False
2112_01,False
8122_01,False
8018_01,False
5280_01,True
0248_01,False
4338_03,True
6098_01,False
7289_01,False
6641_01,True
7522_01,False
3680_01,False
6138_01,False
0615_03,True
5887_02,False
8728_01,False
7040_01,True
1052_01,False
0770_06,True
8333_01,False
6431_03,True
0255_01,True
6766_02,True
8149_01,True
5184_01,False
5552_01,False
4411_01,False
3704_01,False
4810_01,False
4005_07,True
2172_01,True
5427_01,True
0290_02,True
6092_03,False
0205_01,False
5213_01,True
0878_01,False
6443_01,True
3631_01,False
5132_01,False
0521_01,False
5124_01,False
8027_01,False
6428_01,True
5018_01,True
2306_06,False
0461_03,True
1493_01,False
2237_01,False
7742_02,True
0923_02,True
0727_01,False
4797_01,True
3461_01,False
5443_01,False
8634_01,False
2040_02,True
1499_01,False
2530_01,False
4555_01,False
0171_01,True
1960_01,True
0220_06,True
3318_04,True
3490_02,False
8674_01,False
7395_04,False
1295_01,False
0512_01,True
7616_01,True
5007_01,False
3602_01,False
4347_01,False
6997_02,False
3061_01,False
3402_01,False
3903_03,True
4256_06,True
4371_01,True
4746_01,False
6355_01,True
4782_04,True
1812_01,True
3425_01,False
3760_01,True
2854_01,False
6011_01,False
8961_01,True
7623_01,False
3201_01,False
2396_01,False
6951_01,True
2606_02,False
2814_01,True
8049_01,False
5447_02,False
2503_01,False
9227_02,True
6862_01,True
5244_01,False
2272_02,True
6665_01,True
2542_01,False
5956_01,False
8642_01,False
4001_06,True
1454_01,True
0684_01,False
8669_02,False
1460_01,True
5006_03,False
4203_01,False
8523_01,False
2301_02,False
2846_01,True
2972_01,True
2809_01,True
6068_01,True
7813_01,False
5719_01,False
0870_01,False
1377_01,True
4368_01,True
2121_01,True
8560_01,True
1179_01,True
2839_01,True
4924_01,False
9036_01,True
8115_02,True
3353_03,False
6489_01,True
4359_03,False
2540_01,False
5014_02,True
5601_01,True
0820_01,True
5575_02,True
6421_02,False
3433_01,False
0114_01,False
4083_01,True
5631_01,False
0107_01,False
3159_01,True
2861_01,True
4594_04,False
6133_01,True
5859_01,True
6945_01,True
2308_03,False
8082_02,False
3699_01,True
7113_02,False
3432_01,False
6191_04,True
2225_01,True
5974_01,True
6673_01,False
3922_01,True
6032_02,False
5177_01,True
2693_03,False
5810_01,True
6873_01,False
2361_01,True
4089_01,False
6468_01,True
2756_01,False
3348_01,False
3904_01,False
5275_01,False
3287_01,True
1083_02,True
0709_01,True
7903_01,False
6613_01,True
2404_01,False
8136_02,False
5825_01,True
3174_02,True
7678_01,False
2962_01,False
0551_01,False
2892_01,True
8610_01,True
3564_01,True
2760_01,False
2965_01,False
7577_01,False
7972_02,False
6979_01,False
9046_02,False
6137_04,True
4390_01,True
3955_01,True
8168_04,False
5207_01,False
0152_01,False
5508_01,False
0306_01,False
5602_02,True
8876_01,True
4330_01,False
0983_01,True
4249_03,True
2183_01,False
8669_03,False
7462_01,True
8983_01,False
7367_02,False
2404_02,True
1540_02,True
2590_02,False
0525_01,True
5912_01,True
2655_01,True
6722_03,True
8661_01,False
0951_01,True
0642_03,False
3751_01,False
8377_01,False
0179_03,False
3987_01,True
4114_01,True
8483_01,True
0933_02,False
4172_03,True
8034_01,True
1167_01,True
4663_06,True
0712_02,False
1798_01,False
1287_01,True
1621_01,False
1170_01,False
3279_01,True
3113_01,True
5477_01,False
8906_01,False
3279_04,True
2671_01,False
8432_01,True
4690_01,True
5354_01,False
5074_01,False
5737_02,True
8617_01,True
0407_03,True
2455_01,False
6764_01,False
4605_01,False
6896_02,False
0287_02,False
3404_01,True
1887_01,True
5156_01,True
6748_01,True
8616_01,False
2019_01,True
7428_01,False
6191_02,True
4415_01,False
6400_01,True
0642_05,True
0693_02,False
2284_01,False
3566_01,True
7017_01,True
5709_01,False
5952_01,False
6972_01,False
1992_01,True
3269_01,False
7588_02,True
2826_02,False
2065_01,False
7484_01,True
8084_01,False
8635_01,False
0020_04,False
0798_01,True
6844_01,False
3163_01,False
1738_01,False
4232_01,True
5466_03,True
7290_03,True
3064_01,True
8210_01,False
8171_01,False
0485_01,False
5606_01,True
4256_08,True
5163_02,False
6611_01,False
1182_03,True
3540_01,True
5479_01,True
0206_01,False
7970_01,True
3817_01,False
6665_03,True
8222_02,True
8736_02,False
7208_01,False
8068_01,False
8598_01,True
5199_01,True
7767_01,True
4927_01,False
0818_01,True
8468_01,False
0646_01,True
8638_02,False
7679_01,True
6276_01,True
5303_01,False
0685_01,True
1786_01,False
0084_01,False
5402_01,False
2270_01,False
5346_01,False
0599_04,True
2793_01,False
9107_01,True
8584_01,False
6893_01,True
8643_01,False
1393_02,False
8805_01,False
9239_01,False
1521_01,True
2666_02,False
4625_06,False
5194_02,True
5012_01,True
2198_01,True
5885_07,False
1533_01,False
6671_01,True
2145_01,True
7509_01,False
3211_02,False
4010_01,True
6254_01,True
4937_01,False
6141_01,False
0288_01,False
3001_02,True
2822_03,True
2929_01,True
1447_01,False
9026_01,True
5727_01,False
3184_02,True
4354_01,False
6789_01,False
6464_01,False
6654_01,True
5642_02,True
1488_01,True
7403_01,False
0031_03,False
5440_01,True
9057_01,False
9256_01,True
2273_01,False
5909_03,True
0417_02,False
3047_02,False
5941_01,True
4916_01,True
2486_01,False
1435_01,False
8862_01,True
3916_01,False
0790_01,True
0433_01,True
7533_01,True
7307_01,False
5227_01,True
8363_02,False
1280_01,True
8448_01,True
6003_01,False
4171_01,True
6027_01,True
1154_02,True
1173_01,True
3014_01,False
4032_01,False
8037_01,True
0570_01,True
0070_01,False
3690_01,False
4837_01,True
0772_01,False
0994_01,True
0177_01,False
5735_01,True
0757_01,False
1738_02,True
6482_03,True
1762_01,False
0680_02,True
5390_02,True
7797_01,False
1110_01,False
5625_02,False
0239_01,False
5601_05,True
3292_03,True
0665_02,False
3821_01,False
6987_01,True
7840_01,False
1939_02,False
1632_01,True
0102_01,False
0140_02,False
0687_01,False
8604_02,True
8961_03,False
0222_01,False
3938_02,True
6921_01,True
5812_01,True
3195_05,True
2489_01,True
2649_01,False
3239_01,True
3019_01,False
6906_01,True
9037_01,False
2239_01,True
1709_06,False
6583_02,True
4300_01,True
4807_01,False
5799_01,True
9270_01,True
8414_01,True
1491_03,False
1259_01,True
5925_03,False
1117_01,False
8973_01,True
5202_01,True
1864_01,False
1013_01,True
4885_01,False
7207_01,True
3004_02,False
3446_01,True
6030_07,False
6928_01,False
8019_01,True
0619_02,True
8279_01,False
4533_01,True
4289_01,True
5090_02,True
1040_01,False
6152_01,True
7646_01,True
3558_02,True
8628_01,False
5572_01,True
5193_01,False
6153_01,True
4060_01,False
0178_01,False
2200_01,False
6126_01,True
2457_01,True
9118_01,True
3848_01,False
1645_01,True
7910_01,True
2592_02,False
3630_01,False
5087_01,False
3986_02,False
6633_01,True
1165_04,True
4532_01,True
8872_01,True
4498_03,True
5120_01,False
4327_01,True
4886_01,False
9137_01,False
4543_01,False
5698_02,False
2320_01,True
1500_04,False
6921_02,True
6980_01,False
4511_02,True
1302_01,True
2786_01,False
4261_01,False
5704_01,True
1766_01,False
5812_06,True
9034_02,True
6369_01,False
7553_01,False
8238_02,True
2523_01,True
4930_02,True
0704_01,True
6850_02,True
7427_01,False
1462_01,True
1995_01,False
8569_01,True
7442_02,True
3055_01,False
0006_02,True
8191_01,False
1011_01,False
3308_01,True
5250_01,True
0357_01,False
6827_01,False
2661_02,True
1540_01,False
7828_01,True
8452_03,True
1208_01,False
4925_01,True
2347_02,True
8310_01,True
7503_02,True
0224_01,False
2353_01,True
1731_02,True
5064_01,False
5414_03,False
7543_01,True
8222_01,False
1685_03,True
3547_01,False
2034_01,False
0560_01,False
5260_01,True
2135_01,False
5167_01,False
0429_01,True
4400_02,False
8658_01,False
4208_01,False
5951_01,False
3338_01,True
2193_01,True
6976_01,True
4726_03,False
8381_01,False
3102_01,True
8502_01,False
2056_01,True
4597_01,True
1657_01,False
3707_01,False
0045_02,True
2590_01,False
4352_01,True
7513_01,True
6750_01,False
7328_01,False
6774_01,True
6866_01,True
7845_01,True
0805_01,True
5006_02,True
7271_01,False
6162_01,False
3818_01,True
6713_01,False
6065_01,True
2063_01,True
5569_01,True
4482_01,True
8086_01,True
7250_01,True
0602_03,True
5039_04,False
3706_02,False
2255_02,True
7342_01,False
6450_01,False
4552_01,True
4365_01,False
4305_02,True
8383_02,True
0220_01,True
8338_03,True
6446_01,False
5125_01,False
2544_02,False
6250_01,True
1843_01,False
5812_04,True
0243_01,True
2277_01,True
7181_01,True
7875_01,True
3787_02,False
6309_01,False
6167_01,True
7518_02,False
4216_02,True
0472_01,False
3384_03,True
5687_01,True
8749_01,False
4542_02,True
0765_02,False
6862_02,False
7999_01,True
4539_02,True
0333_01,True
8477_01,False
6305_02,False
6062_02,False
6639_01,True
2737_02,False
2313_01,False
5585_01,False
2738_01,False
7097_01,True
2835_01,False
8006_01,False
2826_01,False
4944_02,False
2780_01,True
6130_01,True
4782_02,False
5680_01,True
2310_04,True
4874_01,False
3084_01,True
3121_01,True
1723_01,False
4502_01,True
2498_01,False
4233_01,False
1622_01,True
5466_04,False
7168_01,True
5310_01,False
2822_04,True
4194_01,True
6556_02,True
2168_01,True
1829_06,False
7435_01,True
7793_01,False
2890_02,True
1550_02,False
8981_01,False
4553_01,False
6035_02,False
1425_02,True
5206_03,False
3499_02,False
8489_01,True
1527_01,True
5040_01,False
3112_01,True
3619_01,False
4436_01,True
2545_01,True
8211_01,True
0337_02,False
0192_02,False
2982_01,True
1560_01,False
4695_01,False
3229_01,True
4360_01,True
4329_01,False
6448_01,False
8252_01,False
5878_01,True
1624_03,False
8447_01,False
6774_03,True
3301_04,False
8928_01,True
7847_01,False
6832_01,True
9030_01,False
0863_02,False
6947_01,True
7227_01,False
1047_01,True
8602_02,False
3444_02,True
5871_01,True
5995_01,True
1718_01,True
7660_01,True
7494_01,False
7452_03,True
6325_01,True
4804_02,False
5095_01,True
0368_02,True
9038_01,True
2291_01,True
8120_01,True
7812_01,False
4176_01,True
6351_01,True
6477_02,False
4593_01,True
3759_01,True
2760_02,True
4188_01,False
1375_01,False
8599_01,False
4866_01,True
2499_01,True
6843_01,True
2503_02,False
0004_01,False
7646_02,False
7820_01,True
5133_04,True
6360_03,True
4625_07,True
8786_01,True
6200_03,False
6070_01,False
6816_01,True
1660_01,False
1603_03,True
1110_02,True
8176_01,True
5475_01,False
0851_01,True
2709_04,False
3044_01,False
3560_01,False
8344_03,True
7157_02,False
2934_01,True
2125_01,False
6034_01,False
7416_01,False
7049_01,True
5320_02,True
5116_02,True
5424_02,False
1962_01,False
5305_01,True
4625_04,True
7402_02,True
8890_01,False
6950_02,True
8959_01,True
3991_01,False
3754_01,True
1317_01,False
6866_02,False
0313_03,False
7240_02,True
2107_01,False
5684_01,True
0138_01,True
7478_01,True
8709_01,False
8087_01,True
1621_02,False
7990_01,True
0931_01,True
7728_01,False
0594_01,True
4336_02,True
4459_01,True
6839_01,False
1368_01,True
6810_05,True
7981_01,False
8751_01,False
7029_01,True
1463_01,False
3100_03,True
2104_01,False
3256_01,True
2714_01,True
2336_02,False
9257_01,True
8816_04,True
6801_01,True
6859_01,True
9264_01,True
8867_02,True
3444_01,True
0213_01,False
8867_01,True
4515_02,True
2960_01,False
4923_01,True
3232_01,True
8626_01,False
5970_01,True
8668_03,False
3131_01,True
6030_05,True
9048_01,True
1112_01,True
1984_01,True
1848_01,False
8205_01,False
8420_01,False
3412_02,True
5485_01,False
2505_02,False
3030_02,True
2084_02,True
7908_01,True
0108_02,False
6207_01,False
9151_01,True
6751_02,True
0637_01,False
0753_02,False
4207_01,True
4204_02,False
3686_01,False
4573_01,False
6539_01,False
6041_01,False
4680_03,False
1897_02,False
5818_01,False
1585_01,True
4594_03,True
8624_01,False
3458_01,True
4796_02,True
0340_01,True
3761_01,False
8338_02,False
8320_01,True
7848_02,True
0463_02,False
4427_02,False
8571_01,False
0411_01,False
5861_01,True
2727_01,False
0935_01,False
8729_02,False
3467_01,False
7144_01,True
4472_02,True
5414_04,False
8989_04,False
4249_01,True
0823_02,True
5243_01,False
6638_01,True
4256_03,True
0623_01,True
2873_01,False
0902_01,False
1882_02,True
9201_01,True
1187_02,False
8287_01,False
1963_01,False
4020_01,False
2006_01,False
5236_01,True
0223_01,True
2560_03,False
1008_02,True
2336_01,True
8383_03,False
8313_01,False
4831_01,True
4954_01,True
7234_01,False
5103_01,True
6174_01,True
4728_02,True
0582_01,True
3315_01,False
2781_01,True
4992_01,False
6780_01,True
4393_01,True
0585_01,True
6646_01,True
7572_01,True
5925_02,True
3204_03,False
8769_01,True
6128_01,True
6296_01,True
4467_01,True
0258_01,False
4196_01,True
4482_02,False
0123_01,True
1403_01,False
4428_01,True
1291_01,False
4465_02,False
6818_01,True
2580_01,True
7800_01,True
7334_01,False
8458_04,True
8691_01,True
1975_01,False
2427_01,True
4485_01,True
4710_01,True
6490_04,True
5252_01,True
1095_01,True
6008_01,True
3628_01,False
0905_01,False
2187_01,False
7152_01,False
8078_01,False
7498_01,False
3396_01,True
3567_01,True
2688_01,False
8988_08,True
6761_01,True
1626_01,False
7525_02,True
5643_03,False
7182_01,False
1149_01,True
8092_03,True
8147_01,False
7531_01,True
3911_01,False
9112_01,False
3036_01,False
4561_01,False
2302_01,False
7219_05,True
8318_03,False
4128_01,False
8306_03,False
1805_01,True
2454_01,False
3169_01,False
0423_01,True
0503_02,False
1490_01,False
7091_01,True
5897_01,True
2075_01,False
8458_02,True
5297_01,True
2087_01,True
9101_01,False
1304_05,True
6064_01,False
6729_02,True
0770_05,True
1833_01,False
6324_01,False
0946_01,False
5855_02,True
7729_01,True
0499_01,True
0051_01,False
1688_01,False
8207_01,True
3447_01,False
5954_01,False
2746_01,False
6080_01,False
4974_01,False
1046_01,False
2598_01,False
4315_01,False
0630_01,True
1352_01,False
3361_01,True
7987_01,False
6831_01,True
8088_01,False
8836_01,False
1888_01,False
2979_01,True
7549_01,True
6693_01,False
3903_05,False
1826_01,True
5750_01,False
2713_01,True
8036_01,False
2136_01,False
0867_01,True
0915_01,False
3189_02,False
7806_01,True
6787_04,True
0633_01,False
2456_01,True
1140_03,True
7353_03,False
1347_01,False
5529_01,False
3247_01,False
0197_01,False
5811_02,False
7584_01,True
4256_07,False
2512_02,True
5515_01,False
7709_01,False
8631_01,True
3485_02,True
3938_03,True
8669_01,False
4952_01,True
7940_01,False
1457_01,False
4168_01,False
0678_01,True
0190_01,True
2859_01,True
6116_01,False
1700_02,False
3778_01,False
6137_01,False
2709_01,True
0691_01,False
3474_04,True
7784_01,True
4558_01,False
9081_03,True
2161_01,True
2253_01,False
4218_02,True
5387_01,False
4857_01,False
6110_01,False
3120_01,True
5927_05,True
7723_01,True
8419_02,True
4610_01,False
5214_01,True
5288_01,True
2622_01,False
7586_01,False
8545_01,False
8394_01,False
0593_01,False
4873_01,False
8020_01,False
6592_01,True
2701_01,True
0071_01,True
0809_04,False
1731_01,True
8941_02,False
3608_02,True
8694_02,False
3248_01,False
5927_06,True
6010_01,True
7609_01,False
1697_01,False
2417_01,False
7020_01,True
5128_01,False
8276_02,True
4336_03,False
3645_04,True
8379_01,False
2379_01,False
0889_01,True
4804_03,True
0510_01,True
9057_02,True
3488_02,False
3868_05,True
8668_01,True
8770_01,False
1637_01,True
0797_01,False
8384_01,False
6172_01,True
0877_01,True
8152_01,True
0599_03,False
5971_01,False
6123_01,True
8130_03,True
4044_03,True
2009_01,True
6419_01,True
2488_01,False
2597_01,True
0770_03,False
3243_01,True
6810_03,True
2325_01,True
7666_01,True
5148_01,False
4862_01,True
0504_04,False
4127_01,True
3535_02,True
1719_01,True
6708_05,True
4346_01,False
3715_02,True
2666_01,True
5048_01,False
0221_06,False
4160_01,False
6548_01,False
2813_01,True
2818_03,False
1959_03,True
0220_04,False
6313_01,False
7524_01,True
0389_01,False
7755_01,True
3796_01,True
4646_01,False
4977_02,False
0789_03,True
8411_01,True
1709_05,True
6029_01,False
6055_01,False
7576_02,False
6604_01,True
0853_01,True
5814_06,False
1485_01,True
1134_01,True
5563_01,True
6718_03,True
8886_02,True
1962_02,True
7608_01,True
6073_01,True
1653_01,True
1193_01,True
3283_04,False
7001_01,True
5410_01,False
7830_01,True
9131_01,False
1353_02,False
8233_01,True
4676_01,True
0245_01,True
1708_01,False
6799_01,True
2395_01,False
1393_01,False
9069_04,True
4625_01,True
3995_05,False
4359_01,True
1753_01,True
2953_01,True
3495_04,True
3444_03,False
7061_01,True
5423_01,False
6984_01,False
4220_01,False
4973_01,False
6778_01,False
0198_01,False
5906_01,False
7343_01,False
2295_02,False
3775_02,True
0092_02,True
2421_01,False
3539_01,False
1049_01,True
4673_01,False
0583_02,True
0458_01,True
6168_01,True
2712_01,True
9144_01,True
2092_02,False
1651_03,True
6634_01,True
1035_01,True
8092_02,True
5522_01,False
6422_02,True
5744_01,True
9196_01,True
4390_03,False
8267_02,True
6674_01,False
0571_06,False
7907_01,True
4658_02,False
3647_01,True
2138_01,True
6616_01,False
6232_01,True
1721_01,False
5875_01,False
8685_01,True
3213_01,False
3415_01,False
2961_01,False
1005_01,False
6251_01,False
3852_01,True
0913_01,False
5779_01,True
4017_04,True
7199_01,False
1539_01,True
0199_01,True
8465_02,True
4109_01,False
0782_01,True
5688_01,True
5254_04,True
4197_03,False
6821_01,False
8794_01,True
6155_01,False
5367_01,True
1424_02,False
8843_01,False
6372_01,True
6334_06,False
6966_01,False
0286_01,True
5142_03,True
6370_01,True
4762_01,True
2067_02,False
7396_03,True
6367_02,True
2055_06,True
1874_02,False
8466_01,False
3013_01,False
7889_01,True
0056_03,True
5538_01,True
2096_01,False
1946_01,False
6381_01,False
5616_01,False
0714_05,True
8904_01,False
1782_01,True
0614_01,False
7620_01,False
3550_03,True
8088_02,False
8071_01,True
0571_04,True
1850_02,False
8150_02,True
3542_01,True
4165_01,False
1763_01,True
8339_02,False
1080_01,False
0939_01,True
7842_01,False
4350_01,True
2267_01,False
2878_01,True
2133_01,False
3769_01,False
8664_01,False
1105_01,False
5557_01,True
1611_01,True
2858_03,True
1147_01,True
3386_01,True
6513_01,True
1024_02,True
2550_01,True
7535_01,False
1185_01,False
7700_01,False
5366_01,True
8574_04,False
7523_01,False
5307_01,True
5438_01,True
3293_01,False
8970_01,False
2061_01,True
2449_01,True
8536_01,False
6397_01,True
1507_03,False
7787_02,True
6756_03,False
0127_01,False
6911_01,False
6236_01,False
8168_03,False
6444_02,True
3596_01,False
5290_01,False
8481_01,True
1573_01,False
0212_01,False
1879_01,True
2188_01,False
8212_01,False
8252_03,True
7670_01,True
2232_02,True
4529_01,False
5436_01,False
0435_01,True
7588_01,True
6223_01,False
4246_01,False
7709_02,True
1077_01,False
3047_01,True
8060_02,True
6834_01,True
8326_01,False
8503_03,True
1000_01,False
8273_01,False
6664_01,True
2011_01,True
3010_01,False
4721_01,True
0221_04,True
6446_03,True
8825_01,True
1532_01,False
5304_01,False
3654_01,True
6405_01,False
0607_01,False
9170_01,False
1231_01,True
5981_01,False
2220_01,True
8615_02,True
1086_05,False
7217_01,False
6762_01,True
9041_01,True
4530_01,False
8696_01,True
3421_01,False
3039_01,True
2628_01,True
7913_01,True
6096_01,False
5601_03,True
6028_01,False
4338_01,True
3015_01,True
8050_01,False
8366_05,False
0415_01,True
5901_01,False
3124_03,True
4372_02,False
7096_01,True
0713_01,False
6921_04,True
8508_02,True
0044_03,True
7121_01,True
7221_01,False
8161_01,False
2261_01,True
4939_01,True
1712_02,False
4003_01,False
6864_02,True
5714_02,False
1169_01,False
8255_01,False
6348_01,False
8390_01,True
7422_01,False
3149_01,True
2281_01,False
7450_01,False
0045_01,False
4587_01,False
5913_01,False
6199_01,True
8540_01,False
6796_01,False
7060_01,False
0809_03,False
7097_02,True
5814_01,False
2332_01,False
5957_03,True
8005_01,False
8190_01,True
7515_02,False
6787_03,True
5539_01,False
3083_01,False
5603_01,False
6787_07,False
7905_01,False
2241_01,True
7894_01,True
7507_03,True
8863_01,True
0944_01,False
6557_01,False
6032_03,True
0504_02,True
6568_01,False
1391_01,True
0290_01,True
3060_03,False
4324_02,True
3681_01,True
6340_02,False
0560_03,False
1898_01,True
6091_02,False
2718_01,True
6800_01,True
2234_07,False
5890_01,True
8552_02,False
5945_02,True
7882_02,False
8717_01,False
7194_01,False
2862_01,True
1310_01,False
4240_01,True
2071_01,False
7630_01,False
8759_02,False
5985_01,False
5643_02,False
7499_01,True
9179_01,True
9046_01,True
2520_01,True
1066_01,True
5835_01,True
6052_01,True
5915_01,False
0067_03,False
7442_01,True
6472_01,True
1923_01,True
4147_02,True
7897_01,True
8770_03,False
3230_01,True
9074_05,True
0395_01,False
3038_01,False
5808_01,False
9003_01,False
8956_04,False
3850_07,True
6706_02,True
0586_01,True
0202_02,False
1232_02,False
1460_02,True
5785_01,False
5888_01,False
6920_01,False
2479_01,True
4469_02,False
7143_01,False
8383_07,False
4535_02,True
4903_01,False
7858_03,False
9259_01,False
8050_02,True
8762_01,False
5732_01,False
4218_01,True
3899_01,True
4803_01,False
0628_01,False
0356_01,True
5555_01,False
8849_01,True
2234_05,False
9115_01,False
2012_01,False
1520_01,True
4102_01,True
0022_01,False
6374_01,False
8831_01,True
1799_01,False
1733_01,False
7696_02,False
1860_02,True
0826_01,False
3682_01,True
8806_01,True
4938_01,True
2194_01,True
2401_01,True
7200_01,True
8378_01,False
4756_02,True
9029_01,False
6620_01,False
7650_02,True
5425_01,False
9127_01,True
3048_01,True
1771_01,True
2795_01,True
7500_01,False
5180_01,True
4964_01,False
6109_01,False
6652_01,False
4449_01,False
4790_01,False
8097_01,True
6711_01,True
5527_04,True
5545_01,True
1916_02,False
4796_01,True
1421_02,False
8645_01,True
6181_01,False
1957_01,True
8606_02,False
5955_02,False
5967_01,True
4662_01,False
3422_02,True
1865_06,False
7614_01,True
2986_01,False
4030_01,False
2309_01,True
2102_01,False
3634_01,True
0899_01,True
9150_01,False
3816_01,False
0968_01,False
8516_01,False
5085_01,False
9275_02,True
7585_02,False
7074_01,True
5057_01,True
8656_01,False
8907_01,True
7176_01,True
7688_01,False
0378_04,True
0771_01,True
5877_01,True
0245_02,False
6485_01,False
4173_01,False
7216_01,False
8227_01,True
1985_01,True
4000_03,True
3615_02,True
4738_02,False
6871_01,False
5422_01,True
4975_02,False
4850_01,False
2451_01,True
9197_03,True
0481_01,True
4169_01,True
1278_01,True
8322_02,True
1038_01,False
0427_01,True
0116_01,True
7159_01,True
4544_01,True
8932_01,False
2774_01,False
2158_01,True
8670_01,True
6602_01,True
7789_01,False
2581_01,False
2555_01,True
0629_01,False
6674_02,True
9128_01,False
0225_01,True
0134_01,True
1764_01,True
4473_02,False
3464_01,False
1075_02,True
7374_01,True
3332_03,True
3552_01,False
1808_01,True
4184_01,False
3586_01,False
6371_01,False
7356_01,True
3959_02,False
1258_01,False
1036_01,True
4793_01,False
6708_04,True
7029_02,True
7930_01,True
3312_01,False
4472_01,True
1129_01,False
0571_07,True
0528_01,False
3449_01,False
8393_01,False
3353_04,True
3774_02,True
8797_01,False
3998_01,True
5262_01,True
5223_03,True
4408_01,True
6143_01,False
1615_02,True
7579_01,False
5535_01,False
1901_01,True
3143_01,True
0359_01,False
6736_01,False
3995_03,False
2159_01,True
8900_01,False
6049_01,False
3642_01,False
6802_01,False
8623_01,False
9157_02,True
5209_01,False
7583_01,True
3088_01,True
8522_01,False
4446_04,True
0448_02,True
3946_01,False
1323_01,True
7584_03,False
4348_01,True
5968_01,False
4818_01,False
2257_01,True
1947_01,False
1148_01,True
1271_01,True
3711_02,False
6816_05,True
1878_01,False
3090_01,True
8254_01,True
2810_01,True
4474_02,True
8224_01,True
2006_02,False
0383_01,False
3546_01,False
2607_03,False
2729_01,True
6120_01,True
8003_01,False
6912_01,False
1410_01,True
4030_02,True
9167_01,False
0105_01,False
2460_01,True
4895_01,True
6698_01,False
6915_01,True
0294_01,True
6490_01,True
8449_02,True
1100_04,False
5138_01,True
8469_01,True
3034_01,True
5804_01,True
8271_01,True
5090_04,True
2449_03,True
6782_01,False
0537_01,False
7565_03,False
0719_01,False
2515_02,True
4371_04,True
6488_01,False
2431_01,False
5550_01,True
9075_01,True
6837_01,True
2795_02,False
8235_01,False
5769_01,True
2480_01,False
4581_02,True
2007_01,True
1121_01,False
1397_01,False
6301_01,False
6224_01,False
1800_01,True
5898_01,True
1309_01,False
5253_01,False
7411_01,False
1588_02,True
0990_01,True
0016_01,True
0456_01,False
6309_03,True
8376_01,True
0202_01,True
1511_03,False
9252_02,True
4172_01,True
3707_02,True
3771_01,False
0992_06,False
4021_01,False
9217_01,True
0370_01,False
6016_02,False
2463_01,False
2045_01,True
4913_01,False
7088_01,False
8159_01,False
8209_01,True
3401_01,True
8036_02,False
8611_01,True
5965_01,True
6544_01,False
4624_01,False
2458_01,True
3337_02,False
0092_01,True
1971_01,False
8031_01,True
6787_01,False
4351_01,False
5186_01,True
4009_01,False
8315_01,False
4699_01,False
7872_06,True
0710_01,False
4929_01,True
5677_01,False
7640_01,True
4719_01,True
8609_01,False
4120_01,True
3225_02,True
3530_01,True
9122_01,True
3200_01,False
2768_02,False
5111_03,False
8815_01,False
3114_01,False
0809_01,False
0459_01,False
4609_01,False
5211_01,False
1542_01,False
7490_01,True
0163_01,True
2091_01,False
4306_01,False
3174_01,True
5761_01,True
5545_03,True
6015_02,True
7815_01,True
1345_01,False
9174_01,False
3732_02,False
1540_03,False
1379_01,False
0984_07,True
1086_04,False
5900_03,True
9220_03,False
5613_01,False
4592_03,True
3318_01,True
8202_05,False
5320_01,True
8504_01,True
7973_01,True
5574_01,False
3147_01,False
5221_01,False
8703_01,False
5721_02,False
0997_01,False
5909_01,True
4853_01,False
2356_01,False
6595_01,True
9077_02,True
7007_02,False
5794_01,False
7095_01,True
2369_01,True
7890_03,True
4061_03,True
3365_01,True
0636_01,False
8221_01,True
2778_02,True
8363_01,False
5509_01,True
2472_01,False
5397_01,True
9178_01,False
5556_01,False
0182_01,True
1882_01,True
1260_01,True
0565_01,False
6115_01,False
8164_01,False
3328_01,False
4223_02,False
6720_01,True
6817_01,False
4110_01,False
1108_02,True
7752_01,False
6494_01,False
7395_03,False
6048_01,True
6744_04,True
0133_01,True
6477_01,False
5925_01,False
9021_01,False
4222_01,False
3140_01,False
4452_01,True
4577_01,True
4592_01,False
1149_05,True
5437_01,False
7569_01,False
3543_03,True
8574_03,True
2317_01,False
1937_01,True
4634_01,False
0378_07,True
4606_01,False
7019_01,True
5187_01,False
1342_01,False
6220_01,False
2168_02,False
7680_01,False
7916_01,True
1032_01,True
0001_01,True
4207_02,True
3495_03,True
4027_01,True
0534_02,False
3853_01,True
5271_01,False
8052_01,False
6433_02,True
6066_03,True
3364_01,False
6523_01,True
1414_01,False
7366_01,False
8728_06,True
3747_02,True
5466_01,True
3693_01,True
5451_01,True
8606_01,True
3716_01,True
4508_02,False
0261_01,False
0516_01,False
4401_01,True
7208_02,False
4280_01,False
5042_01,False
3713_01,True
6175_01,False
1308_04,True
6157_01,False
2790_01,True
5977_04,False
3236_02,False
2502_01,False
1755_01,True
4456_01,False
6570_01,False
2027_01,True
3476_04,False
3126_02,True
1114_02,False
7018_01,False
2927_01,True
2148_01,False
0770_01,True
7339_01,False
2685_01,False
4585_01,False
9224_01,False
2500_01,False
3705_01,False
8646_03,True
4848_01,False
6096_03,False
5821_01,False
6624_01,False
7085_02,True
5522_02,False
3615_01,True
1973_01,True
6297_01,True
0926_02,False
3790_01,True
9074_02,False
1427_02,False
8743_01,False
8108_01,True
7188_01,True
3555_01,False
1419_01,False
6991_02,True
1024_03,False
7538_02,True
0257_02,True
6334_01,True
5541_01,True
5894_01,True
7002_01,False
3645_05,True
4005_08,True
0501_01,False
5122_01,True
6722_02,False
2788_01,True
6774_02,True
2300_01,False
8268_02,False
5489_02,True
8944_03,False
0506_01,True
2229_01,False
6674_03,True
6346_01,False
7156_04,False
0192_03,False
0618_01,True
3145_01,True
4633_01,False
3099_01,True
7507_01,True
2301_03,False
9081_01,False
1841_01,False
1704_01,False
0820_02,False
3610_02,True
8988_07,True
4898_01,False
6853_01,False
6545_01,False
7410_01,True
8694_03,True
5488_01,True
3862_04,False
2228_01,False
9149_02,False
1691_01,False
1739_01,True
4256_05,False
6813_01,False
5578_01,True
5266_01,False
5010_01,False
5510_01,True
6186_01,False
3598_01,False
7219_06,False
8345_01,True
2051_01,True
4782_03,False
5977_03,True
0375_01,False
7157_01,True
7676_01,False
5514_03,False
3300_02,False
3862_06,False
7705_01,False
4911_01,False
1782_02,False
1752_01,False
7437_03,True
4677_01,True
3065_01,True
0103_01,False
6066_01,False
6234_01,True
1500_02,False
2730_01,True
2291_03,False
4728_01,False
5430_01,True
2726_01,True
0358_02,True
6858_03,False
5947_01,True
5190_01,False
7258_01,True
2254_01,False
6168_02,True
5216_01,True
2409_02,True
2552_02,True
6726_01,True
0309_01,False
4238_01,True
6892_01,True
6472_02,True
6480_01,False
2693_04,True
5967_03,False
2992_01,False
0776_01,True
8624_02,True
6230_01,False
2081_01,True
3841_01,False
8905_01,False
7527_01,True
4448_01,True
2732_01,True
1889_02,True
8302_02,True
2009_02,True
2860_01,False
5839_01,True
8923_01,False
3443_01,False
4951_01,False
0942_01,False
2442_01,True
7993_01,True
7858_02,False
4292_01,False
2668_02,False
9267_02,True
1434_03,True
3023_01,True
3713_02,True
3728_01,True
2616_01,False
1978_01,True
9179_03,True
5786_01,False
2892_05,False
5863_01,True
6215_01,False
0984_08,True
7521_01,False
1859_01,True
4996_01,True
0167_01,True
8807_01,False
6512_02,True
8343_01,False
5707_01,True
1873_01,True
4981_02,False
8371_01,True
6492_01,True
4387_01,False
8961_02,False
8064_02,False
1688_03,True
7498_02,True
3045_01,True
7283_01,False
2668_01,False
3442_01,False
4035_01,True
4211_01,True
3091_01,False
9250_01,True
9183_01,False
1228_01,True
3018_01,False
4324_01,False
8808_01,True
7877_01,True
4172_04,False
3774_01,False
5746_01,False
2763_01,True
6109_02,True
1086_01,True
6437_01,False
8124_01,True
8366_03,True
5453_01,False
0220_03,True
2123_02,True
0689_01,True
7955_01,False
8964_02,False
9184_01,False
5063_01,False
3868_04,False
9218_01,True
5748_01,False
3873_01,False
1068_01,True
3218_03,False
7365_01,True
7950_02,True
6014_01,True
3563_01,True
3714_02,False
8260_02,True
1123_01,False
7831_01,False
3349_01,True
7008_01,False
8050_03,True
1096_01,False
5888_02,False
0039_01,True
8826_01,False
1015_01,False
1225_01,True
4295_01,True
8759_01,False
0714_04,True
6111_03,True
9157_05,False
7394_01,True
1006_02,True
0231_01,False
3353_01,False
0709_03,True
4871_01,True
4317_01,True
5990_01,True
2203_01,False
0504_05,True
7323_01,False
3166_01,True
4884_01,True
1669_02,True
3361_02,True
1148_06,True
2137_02,False
2095_01,False
0331_01,False
4362_01,False
4274_01,True
4084_01,True
1264_01,False
2852_01,False
0765_01,False
3292_01,True
3708_01,True
4465_03,False
4743_01,True
5367_02,False
7892_01,False
6724_02,True
3324_02,True
2432_01,False
1424_01,True
3804_01,False
4172_07,True
7309_01,False
2280_01,False
0569_01,True
9085_01,False
0655_01,False
3215_01,True
0425_01,False
5625_05,False
3475_01,True
3521_01,True
9108_01,True
8323_01,True
6753_02,True
5465_01,True
8398_01,True
3025_01,True
2032_01,True
6625_02,True
4717_01,True
1371_01,False
7984_03,False
0802_01,True
2177_01,True
1116_02,True
3660_01,False
7865_02,True
7950_03,True
1381_01,True
4466_01,False
3272_01,True
7592_01,False
6829_02,False
1606_01,False
2024_01,False
4464_01,False
8840_01,False
4787_01,False
4570_01,True
3439_04,False
3237_03,False
0465_01,False
1093_01,False
1383_01,True
7479_01,True
8005_02,True
0468_01,True
2790_03,False
7232_01,False
7457_01,False
2880_01,True
4999_01,False
4422_02,True
8770_02,True
1324_01,True
8458_01,False
5661_02,True
8135_01,True
5312_01,True
5146_01,True
6040_01,False
5326_01,True
6405_03,True
4655_01,True
2751_01,True
0588_01,True
5792_01,False
8295_01,False
3276_01,False
0265_01,True
1580_02,False
3734_01,True
0120_01,True
6096_02,False
5705_01,True
6061_01,False
0103_03,True
4172_06,True
0898_01,True
3909_01,True
0560_02,False
3359_01,True
4017_03,True
1599_02,True
4730_01,False
4017_01,False
3158_01,False
2384_01,True
5345_02,False
0330_03,False
7259_01,False
5500_01,False
7790_01,True
5536_01,True
8137_01,False
9034_03,False
8119_01,True
5930_02,False
8663_01,True
7127_02,True
0402_01,True
8663_02,True
6263_02,False
6309_04,False
2706_01,True
4980_02,False
1182_02,False
1567_01,True
1529_01,True
5647_02,False
7943_01,True
0461_01,True
0839_01,False
4941_01,False
0906_01,True
6334_07,True
2477_02,True
0571_03,True
0901_01,True
9190_01,False
0010_01,False
2116_01,True
7694_01,False
9081_05,True
2404_03,True
6572_01,False
4258_02,False
2984_01,False
1269_01,False
7059_01,True
3405_03,True
0067_02,True
1527_02,True
3912_01,False
4303_01,True
1916_01,True
1424_03,True
8901_01,True
5930_03,True
2730_02,False
8189_01,False
8897_01,True
4758_01,False
3331_01,False
8596_01,True
4445_01,False
1211_05,True
6734_01,True
6805_01,False
1595_01,True
5133_03,True
8226_01,True
7219_02,True
8356_01,True
6478_01,False
3237_01,False
7235_01,False
8021_01,True
1193_02,True
4176_06,True
8475_02,False
5938_02,True
6475_01,True
5980_01,True
6649_01,False
5626_01,True
9072_03,False
8687_01,True
4684_01,False
1366_01,True
0607_02,True
3342_01,True
5885_02,False
8506_01,False
7133_01,False
0815_01,False
8248_01,True
1255_01,True
5885_03,True
6526_01,True
4661_06,True
7202_01,False
8956_01,False
0174_01,False
3287_03,False
0110_01,False
5362_01,True
1649_01,True
5885_04,False
6708_01,True
5512_01,False
5291_01,False
2574_01,False
2783_02,False
4338_02,False
5242_01,True
6530_01,False
3543_01,True
2162_02,False
1828_01,False
4206_01,True
0697_01,True
4491_01,False
9267_01,True
6994_02,False
2692_01,False
4107_01,False
8524_01,True
6039_02,False
5930_01,True
4501_01,True
3195_06,True
8366_02,False
3283_01,False
4016_01,False
1136_01,True
4256_04,False
5916_01,False
2515_01,False
5450_01,True
6954_01,False
1939_01,False
4668_02,True
8544_01,False
8452_04,False
0659_01,True
5846_01,False
4977_01,True
3406_01,False
5060_01,True
8168_06,True
3537_01,False
9114_01,True
1311_03,False
7458_01,True
3453_01,True
5445_01,True
8156_01,False
0571_02,True
5360_01,True
7351_01,True
1384_01,False
0103_02,True
5869_01,True
6019_01,True
1274_01,True
6028_03,True
0128_01,False
1286_01,True
1915_01,False
7595_01,True
7392_01,True
6526_02,True
7693_02,True
1304_02,False
1764_02,False
2055_02,False
8404_01,True
6292_01,False
8147_04,True
4231_01,True
6502_01,False
3209_01,True
6055_03,False
8458_05,True
4769_01,True
0503_01,False
1775_01,True
0003_02,False
7864_01,True
3941_01,True
7808_01,False
1019_01,True
6718_02,True
0305_01,False
5988_01,False
7968_01,False
7279_01,True
4496_01,True
4808_01,False
2361_02,True
1288_01,False
3715_04,True
9018_01,False
1174_01,True
3747_01,True
6601_01,False
2190_01,False
2175_01,True
5427_03,False
4237_01,True
5034_01,False
2272_03,False
8559_03,True
1988_01,True
2446_01,True
2070_01,False
2046_01,True
0806_02,False
3259_01,False
8106_01,True
8102_01,False
4763_01,False
8204_01,True
7713_01,True
1024_01,False
1730_01,False
3304_01,True
3021_01,False
4549_01,False
9145_01,True
8368_02,False
3644_01,True
2708_01,True
7682_01,True
1779_01,True
6999_01,False
5702_01,True
4172_02,False
5795_01,True
2439_01,False
8854_01,True
8398_02,True
1698_01,True
0447_01,True
6674_04,True
3171_01,True
5303_03,False
2424_01,True
4696_01,True
3012_01,False
5367_03,True
8683_01,False
4635_01,True
8945_02,False
0444_02,False
8790_01,True
7219_01,True
0737_01,True
4547_01,False
3071_02,False
2237_02,True
5949_01,False
7621_01,True
5061_01,True
6390_01,True
2958_01,False
0539_03,True
7821_01,False
6443_05,False
4400_03,True
1769_01,True
0201_01,True
4915_01,True
1425_03,True
4774_01,True
4827_01,True
5568_01,False
6376_01,True
8226_03,True
4732_03,True
8573_01,False
8438_01,False
6319_01,False
6328_04,True
0405_01,False
6722_01,True
8243_01,False
5469_01,True
4706_02,True
8844_01,True
6146_01,True
0777_01,True
1806_01,False
5772_01,False
8845_01,False
6883_01,False
3850_02,True
4741_01,True
1375_02,True
4643_01,True
3318_05,True
5488_02,True
7560_01,True
3995_04,False
6206_01,False
7310_01,False
3324_01,True
4273_01,False
0167_02,False
1406_01,False
4050_01,False
2492_01,True
1956_01,False
8015_03,True
6111_04,True
4712_01,True
4031_02,True
4262_01,True
5112_03,True
6139_04,True
5526_02,True
5611_01,True
7171_01,True
6035_01,False
3962_01,True
2301_01,False
0754_01,True
1238_02,True
6239_01,False
7872_05,True
4296_01,True
4498_08,False
0431_01,True
3284_02,True
6456_01,False
3282_01,True
7777_01,True
2573_01,True
6058_01,False
0874_01,True
5938_01,True
6672_03,True
2066_01,True
2837_01,False
6913_02,False
0148_01,False
1153_01,True
8668_02,False
7084_01,False
7561_01,False
4628_01,True
0410_01,False
8636_01,True
2700_01,False
5133_08,False
0539_05,False
1856_01,True
3815_01,False
1688_02,True
2135_02,False
3325_01,True
4739_01,False
5365_01,False
4815_01,False
6880_02,True
6971_02,True
1510_01,False
7277_01,True
2572_01,True
8862_03,True
1416_01,True
9140_01,True
1350_01,True
4167_01,False
9268_01,True
2792_01,True
4560_01,True
8813_01,False
1633_02,True
0290_04,True
1376_01,True
8755_01,True
5072_01,False
1635_01,False
4475_01,False
4995_01,False
1428_01,False
3392_03,True
4978_01,True
3311_01,True
2532_02,True
2596_01,False
6814_01,True
3450_01,False
9213_01,False
0008_03,True
7472_01,True
9074_03,True
8094_01,True
6744_02,False
3903_04,True
8954_01,False
5463_01,False
4979_01,True
6459_01,True
6404_01,True
1925_01,True
2435_01,False
4661_01,True
0907_02,True
6339_01,False
0953_01,False
3394_01,True
1592_01,True
3211_03,False
2707_01,False
3974_02,True
8238_01,False
3719_02,True
0500_01,True
0577_01,False
6398_01,True
6709_01,True
6994_01,True
7866_01,True
7749_01,True
8641_02,False
5017_01,True
4510_01,True
6850_01,False
5619_01,True
6191_03,True
8719_02,True
5344_01,False
0234_01,True
4441_03,True
3710_02,False
2413_01,True
3872_01,True
6561_02,True
6315_01,False
3999_01,True
6179_01,True
0035_01,False
0822_01,False
5618_01,True
4804_01,False
8823_01,True
2496_01,False
0665_01,True
1938_01,True
7689_01,False
8944_02,False
8638_01,True
1430_01,True
6473_01,True
8219_01,False
0840_01,False
6253_01,False
2154_01,False
3485_01,False
7641_01,False
7255_01,False
5517_01,False
6934_01,False
5020_01,False
1094_01,False
5494_01,False
1423_03,True
3283_03,False
2094_01,True
7038_01,True
0064_02,True
6095_01,False
8612_01,True
7832_01,False
8776_01,False
1907_01,True
7650_01,True
3093_01,False
8386_01,False
3210_03,False
3857_01,True
7901_01,True
2936_01,False
3664_01,True
7958_01,True
5380_01,False
1030_01,False
2040_01,True
2558_03,False
2698_01,False
6218_02,False
9074_06,True
7501_01,False
0984_04,True
8796_05,False
0326_01,True
5355_01,True
3757_01,True
4650_01,False
7128_03,False
1968_01,True
8783_02,True
5812_02,False
5023_01,False
4690_02,False
2747_01,False
7005_01,True
4933_02,False
3665_01,True
7006_01,True
3533_01,False
7405_01,True
1452_04,False
8993_01,False
6887_01,False
3323_02,True
2272_01,False
8961_04,False
6628_01,False
6458_01,False
0031_02,False
8646_02,False
6461_01,False
6917_01,False
4043_01,False
3977_01,True
5644_01,False
5230_01,False
0401_02,False
4942_01,True
6254_02,True
5316_01,True
2164_01,True
5780_02,True
0028_01,False
7716_01,True
4416_01,True
8383_04,True
0504_03,True
7861_01,True
1918_03,False
7027_01,True
2906_01,False
3254_01,True
5994_01,False
0645_01,False
7022_01,True
7285_01,True
3964_01,True
7256_01,False
6299_01,True
6468_03,True
5374_01,True
3700_01,False
1712_01,False
7747_01,False
0699_01,True
9081_04,False
1242_01,True
2289_01,True
1154_01,True
4392_01,False
4773_01,False
2875_01,True
0850_01,True
2466_01,False
3528_01,False
2558_01,False
7738_01,True
1148_02,False
5885_08,True
6309_02,False
2790_02,True
8460_01,False
3924_01,False
1872_01,True
8297_01,False
0476_02,True
6525_01,False
2817_01,True
0216_01,False
1452_03,False
5015_01,False
1206_01,False
6511_02,True
2196_01,False
1886_01,False
4972_01,True
1800_03,True
8826_02,False
3584_01,True
4515_01,False
2106_01,False
0534_01,False
7429_01,False
6928_02,False
1175_01,True
6798_01,False
4726_05,False
1619_01,True
4181_04,True
1651_01,True
4621_01,True
3783_01,False
6340_01,True
6468_02,True
7425_01,True
3424_01,False
2338_02,False
2390_01,False
4212_01,True
0714_07,True
1142_01,False
5397_03,True
4918_01,True
5526_01,False
8136_01,True
5984_02,False
0671_01,True
0809_02,False
5435_01,False
4312_01,False
5133_06,True
1581_01,True
5385_01,False
3868_02,False
9032_01,True
2433_01,True
0619_01,True
0590_01,False
2152_01,False
3655_01,False
1180_01,True
7085_01,False
0430_01,True
5989_01,False
4113_01,True
3838_01,False
2506_03,True
5959_02,True
4081_01,False
7197_01,False
6997_01,False
0077_01,True
4863_01,False
1214_01,True
5949_02,True
4332_01,True
5344_02,True
6490_02,False
2258_01,True
6829_03,True
2908_02,False
7111_01,False
3960_01,False
6535_01,False
1384_03,False
7833_02,True
4446_05,False
5206_02,False
0684_03,True
4254_02,True
0179_01,True
7944_01,False
2333_01,False
5472_01,True
7746_01,True
7488_02,True
5389_01,True
2562_01,True
3195_01,False
3486_01,True
1442_01,True
5587_01,False
5885_01,False
4037_01,True
4407_01,True
7517_01,False
0988_01,True
5325_01,False
0320_01,False
6963_01,False
2635_01,False
2737_01,False
4912_02,True
2207_01,False
1299_01,True
4586_01,False
0461_02,False
8139_01,True
2179_01,False
0373_01,True
8272_02,True
4036_01,False
5740_02,False
8719_01,True
6363_04,True
0068_01,False
0970_01,True
0221_05,False
1578_01,False
3227_01,False
3578_01,True
2483_01,False
3496_02,False
5389_02,False
0531_02,True
2120_01,False
5698_01,False
5535_02,False
6531_01,True
0949_01,True
7077_01,True
5196_02,True
3995_01,False
7069_01,False
0863_01,True
1391_03,False
4644_01,True
6347_01,True
3595_01,True
5711_01,False
6816_03,True
0432_01,False
6402_04,True
4402_01,True
4483_02,False
9272_02,False
0025_01,False
6944_01,True
1336_01,True
0346_01,True
1709_07,False
4006_01,True
2943_01,True
0529_01,True
3737_02,True
2750_01,False
6281_01,True
7246_01,False
6758_01,True
5710_01,True
7401_01,False
0181_01,False
1116_01,False
1922_01,True
7456_01,True
8850_01,False
8259_01,False
8508_01,True
0381_01,True
7233_01,True
2590_03,True
0480_01,False
8175_01,True
4482_05,True
2592_01,False
1661_03,True
3732_01,True
1529_02,True
5856_02,True
7669_01,False
5527_03,True
2652_01,True
9094_01,True
8860_03,True
2645_05,True
2909_01,True
7879_01,False
6635_02,False
5322_01,True
2183_02,False
5855_01,True
8167_01,True
6076_01,False
0270_01,False
0591_01,True
3499_01,False
8332_01,True
0825_01,True
6344_01,True
1306_02,True
7984_01,False
7895_01,False
1187_03,False
8902_01,True
7810_01,False
0585_03,False
8779_01,False
5609_01,False
3826_01,False
5886_02,True
1564_01,True
8587_01,False
3820_01,True
7445_01,True
0598_01,True
6059_01,True
6406_02,True
2099_01,True
3499_03,True
1670_01,False
3801_01,False
8999_01,False
0893_01,True
2274_01,True
5882_01,False
0561_01,False
8144_04,True
2062_01,False
3371_01,False
6077_01,True
1547_01,False
5580_01,True
3767_01,False
3206_01,False
9180_01,False
0795_01,False
7485_01,False
6517_01,False
0348_01,True
4878_01,False
6985_01,False
0568_01,False
7918_01,True
7542_01,False
5229_01,False
3258_01,True
2211_01,True
5552_02,True
5924_01,False
1552_01,True
8961_05,True
2748_01,True
7598_01,True
4645_02,True
4409_01,False
5625_01,True
1776_01,True
1674_01,True
4483_01,False
3459_01,True
0786_01,True
8335_01,False
4783_01,True
5225_01,True
0928_01,True
1322_01,True
2357_01,True
9280_01,False
5863_02,False
7982_01,True
0513_01,True
0378_02,True
0691_02,True
6702_01,True
0993_01,False
4927_02,True
1544_01,False
8941_03,False
7585_01,True
8530_01,False
4594_01,False
5014_01,False
5902_01,False
8251_01,True
3962_02,False
3915_01,True
6880_01,False
5662_01,True
1774_01,True
2723_01,True
0499_02,False
3117_01,False
0553_02,True
3092_01,False
1651_02,True
3755_02,True
1417_01,False
1818_01,True
0690_01,True
0756_03,True
9194_01,False
8280_01,True
5392_01,False
2476_01,False
6128_02,False
3420_01,True
3894_01,True
5274_01,False
6092_01,True
2475_01,False
8862_04,True
7447_01,False
0072_01,False
6734_03,True
6324_02,False
8975_01,False
6662_01,False
6282_01,False
7156_01,False
8383_01,True
3382_01,True
4482_03,False
9031_01,True
6020_03,False
2308_02,False
2764_01,False
8656_03,True
2647_01,False
8410_01,False
1453_01,False
2071_02,True
1423_01,True
2925_01,False
0471_02,True
9028_01,False
4181_03,True
4829_01,False
4542_01,True
0770_02,False
5977_02,False
1531_01,False
9001_01,True
4140_01,False
6996_01,True
6622_02,True
0090_01,True
5879_01,True
1056_02,True
6590_01,True
5568_02,True
3703_01,True
1399_01,False
7850_01,True
9131_02,True
3000_01,False
6373_01,False
7626_01,False
1976_04,False
6043_01,False
2443_01,False
3850_03,True
5224_01,False
3081_02,True
5133_02,True
8042_01,True
3814_01,True
4580_01,True
8688_01,False
1289_02,False
1906_01,True
9276_01,True
8025_01,True
2547_02,True
7225_01,False
8838_01,True
7760_01,False
7635_01,True
5256_01,False
4723_02,False
6808_01,False
1100_03,False
5136_01,False
4364_01,True
7941_01,False
5722_01,False
8270_01,True
3588_01,False
2721_01,True
7190_01,True
3514_01,False
6062_01,False
7899_03,True
5258_01,False
0566_01,True
2526_01,True
7989_01,True
5860_03,False
3339_01,True
5361_01,False
8395_01,False
4714_01,True
7188_03,True
2080_01,False
0302_01,False
4030_03,False
5721_01,True
6422_01,False
0714_03,False
2724_01,True
0922_01,True
6325_02,False
4457_01,False
3060_02,False
2384_06,False
2478_01,True
1350_02,False
6725_01,False
3985_01,False
9242_01,False
9071_01,True
3423_01,True
2321_01,True
5176_01,False
1267_01,True
0573_01,True
8787_01,False
5811_01,False
0241_01,False
3931_01,False
6208_01,True
2118_01,True
7853_01,False
5756_07,True
5530_01,False
5208_01,True
0504_06,True
8264_01,False
5251_01,False
8122_02,False
7425_02,False
6289_01,False
4780_02,True
3042_01,False
9252_01,True
4005_04,True
8605_01,False
3823_01,False
5843_01,True
6205_01,False
5223_01,False
2347_03,True
0110_04,True
7538_01,False
5552_03,False
4663_02,True
8830_02,True
2709_03,False
8324_01,True
8656_02,False
8368_01,True
0860_01,False
3068_01,False
2310_03,False
0044_01,True
1991_01,False
2089_01,False
5343_01,False
4608_01,False
2067_01,True
2892_03,True
1690_01,False
7353_01,False
0099_01,True
7883_01,True
6246_01,False
1408_01,True
1051_01,False
2085_01,False
3218_01,True
3096_01,False
3747_03,False
0338_01,True
4836_01,True
0141_01,False
2537_01,False
0457_03,False
1235_01,True
7631_01,False
7083_02,True
8138_01,True
3024_01,True
9019_01,False
4711_01,False
3741_01,True
6511_03,True
7609_02,True
2444_01,False
1452_01,False
4792_01,True
4183_01,False
1615_03,False
6614_01,True
2618_01,True
7868_01,False
6825_01,True
5129_01,True
9081_08,True
